title,score,ratings,installs,gini_coeff,popularity_index
High Octane TV,1.7333333,756,245233,0.5607427055702917,3.6750693455544856
Easy Trade7-Trade for all time,1.7375886,6990,1118951,0.6402640264026402,4.050542786727775
Remote Control for ALL TV,2.3333333,40,24618,0.7,3.0720800993896695
All HD Video Downloader,3.0,47,151276,0.4,3.6904016518724148
PTV Sports,3.0384614,235,92051,0.5130434782608696,3.5750286221876983
McDelivery Pakistan,3.0603337,8100,1017919,0.5103039288361749,4.3475484686997765
Borwap,3.1382115,20265,19305685,0.5086625086625086,5.248482263710173
ExpertOption Lite,3.138614,2452,2359627,0.3724702990577632,4.58486419069986
Yango Pro. Taxi & bike driver,3.1517856,9963,1453180,0.5494292352762905,4.476737341044322
Vehicles Paint By Number Art,3.1666667,264,390764,0.5669421487603306,4.0238329154285575
Hothit,3.2149532,3877,6065398,0.5117662405426558,4.893287754749082
Preset & Filter For Lightroom,3.2150538,3425,372566,0.5725345622119815,4.0702534047599155
FirstPay,3.2176871,7362,1998106,0.4508290296276162,4.571133254222629
Wild Cash | Quiz to Earn,3.22,65942,6994275,0.5130359449806217,4.986526303243927
Angry Lion Simulator Lion Game,3.2222223,49,101592,0.625,3.5957918298368603
Hairs Makeup Artist Salon,3.235294,4262,8337025,0.37660649819494585,4.9817577541511655
Domino's Pakistan,3.2462687,1447,490833,0.45488565488565486,4.130128789284307
Kdemy - Template,3.2857144,161,46679,0.34968553459119495,3.3849620459548837
KFC Pakistan,3.2921348,5587,1975627,0.5088825214899714,4.581739093039476
Eid Mubarak Frame With Name DP,3.304762,206,108816,0.5587939698492463,3.6569703160868783
Jobseeker,3.317073,723,1101830,0.4474777448071216,4.3646868788291515
OPTP - Official Delivery App,3.33,438,176055,0.5694444444444444,3.822302618401798
Cricket Fly - Sports Game,3.3384616,2720,1220457,0.5179506081828235,4.433634094617674
Xray Scanner : Body Scanner,3.368421,647,418201,0.4736842105263159,4.084031635737258
Snow Race!!,3.376,39167,59240159,0.41674856674856675,5.630983340152889
My Ufone – Manage your account,3.3943129,45361,7872987,0.49407562562010804,5.05307121543158
Karsaaz - At-home Services,3.43,935,98285,0.6131041890440386,3.6920732873014916
Back to the Future™,3.4318182,389,643341,0.2904392764857881,4.187570040330246
Stormshot: Skull Isle Odyssey,3.4356437,129036,9980184,0.49505977332712314,5.155657800954615
All Video Downloader HD App,3.4653466,897,505445,0.5339428571428572,4.169479338434495
Telegram,3.483437,12542527,1569833692,0.5051079526282857,6.764813803827265
Bugatti Chiron Car Wallpapers,3.5,55,100975,0.5,3.6160146583262462
GO VPN - Secure&Fast,3.5,128,673925,0.5448818897637795,4.209742851147695
Wallpaper 4K HD,3.525,13575,1000407,0.44195217032761075,4.433767492976391
GTA 5 - Craft Theft autos Mcpe,3.5294118,935,643212,0.548180815876516,4.254359266300001
Live Video Call - Global Call,3.5384614,188,313972,0.5471264367816092,3.9975652274571774
Xray Body Scanner Camera Real,3.5384614,1402,877082,0.5138305575669805,4.353088620366135
"Haircut prank, air horn & fart",3.54,13304,41530073,0.3772318391412805,5.525125812202372
Blood Pressure App: Bp Monitor,3.5445545,20059,7025649,0.5225812967077358,5.040788711312234
Mehndi Design 2023,3.5454545,46,196482,0.5,3.813498604799497
Snake Run Race・3D Running Game,3.55,57995,29674237,0.392019588908815,5.46086279577186
KakaoTalk : Messenger,3.5621622,3164134,234363761,0.4784952118304445,6.18909965527635
EduPloyment,3.58,1671,936105,0.5228175797712221,4.385607322631883
EasyConnect,3.5847456,33990,12437412,0.566573340013557,5.2441737619195665
Beat Racing:music & beat game,3.5857143,3272,10939889,0.44625267665952895,5.11904467945174
Hyper PA,3.592233,16276,4239406,0.29611285652682806,4.840067336264151
App Cloner Premium & Add-ons,3.6,24307,7577884,0.6139358142992855,5.104737588410908
Punjab Land Records and Fard,3.62,168,80468,0.5658536585365854,3.602731442835201
PUBG MOBILE,3.6312234,44471980,728855104,0.5702678815784169,6.651745863711975
Qurbani Animal Transport Games,3.6363637,91,109963,0.4404494382022472,3.6615023146723127
"mjunoon.tv: Live News, Dramas",3.6386554,6038,2053890,0.45876305753606367,4.649370190269289
Battle Shooting Game 3D,3.6448598,9331,5178543,0.5238239102287441,4.9523012549913
Sim owner detail & Sim On CNIC,3.65,421,332081,0.5990338164251208,4.06211427238981
Candy House Cleaning,3.66,2588,4125221,0.39766718506998444,4.8235714953231685
Ramp Car Games: GT Car Stunts,3.6699028,6058,13955425,0.42132803444278855,5.213953212857503
Recover WA Deleted Messages,3.6756756,12317,2189299,0.528198029476427,4.713231600646042
Dawaai - Medicine & Healthcare,3.6810126,12322,1130374,0.5505358882754141,4.525781246754873
AI Home Design Interior Decor,3.6875,759,83536,0.4381471389645776,3.64911041700382
MIGO Live-Voice and Video Chat,3.6899383,46100,15714056,0.3231761054071068,5.271003146416971
Eid Mubarak Name DP Maker 2023,3.69,602,381923,0.4956521739130435,4.10203711920543
Ehsas Program Register Online,3.69,397,203043,0.5595907928388747,3.9135828661483556
Call & SMS Blocker - Blacklist,3.6927502,202838,9855976,0.48385302644813916,5.225249140543247
Zindigi,3.700211,14329,4735173,0.5344875733035465,4.952807717375875
Lucky 2048,3.7029703,2487,1463632,0.5873888439773646,4.566167604709599
ZEE5 Tips Watch TV Shows,3.7142856,47,8696,0.5777777777777777,2.9114235993928106
Gangster Vegas Crime 3D Sim,3.7222223,11805,6470323,0.5027119222241174,5.03506709478044
Draw Happy Queen : Puzzle Game,3.72549,85050,14284698,0.40468020926615456,5.290939874721733
Diana and Roma Videos,3.7272727,203,223549,0.49353233830845766,3.913656115575257
Filters for Pictures - Camera ,3.7291667,3965,1433639,0.5253912165572943,4.564249399210273
Kawasaki Ninja ZX10r Wallpaper,3.7297297,388,1114043,0.4685714285714286,4.406976477826484
Road Construction City Games,3.7333333,4646,2585644,0.48925263838035754,4.734739119192177
Heart Rate Monitor: BP Tracker,3.7368422,1141,2497563,0.6105263157894737,4.711374308925698
Cake Art 3D,3.7425742,36718,28086116,0.5021283589448599,5.506725615199658
City Car Driving 3D Car Games,3.7425742,1273,1179772,0.49760765550239233,4.46725583805438
Cheetay - Grocery Shopping,3.746801,37739,3863842,0.5319552658080245,4.931697215562009
San Francisco 49ers,3.75,11817,879288,0.5000000000000001,4.450636980581558
TIMEFLIK Watch Face,3.7524753,55048,8454401,0.5406748130585446,5.178707980044146
Twitter Lite,3.7530863,216428,50101930,0.5420635067408873,5.746278794553051
Reload Rush,3.754902,22737,5190073,0.5352025746153506,5.006402427222308
High School BFFs: Girls Team,3.76,68650,20551565,0.4469525290676146,5.4155622789377444
Lucky Fruits,3.7623763,1172,504709,0.5239242685025818,4.222334377166659
Fidget Toys Trading・Pop It 3D,3.7642858,462388,113532131,0.3700033521848676,5.939438979466778
Dress Up Royal Princess Doll,3.7735848,15922,8969129,0.45351811023622046,5.1352188163391475
WebComics - Webtoon & Manga,3.7771084,214509,9631431,0.4584195778068373,5.23119464411214
Microphone Amplifier,3.78,14020,718037,0.45756034668003726,4.388919355212612
Pharmapedia Pro,3.7804878,45,21687,0.5714285714285714,3.1853234429754735
Golootlo,3.7874186,36275,2985330,0.5064762482423975,4.855173267808702
Infinity Clan,3.79,12646,5335678,0.45215177790151945,4.977505923252528
Paisayaar-Personal online loan,3.7920792,536,102734,0.6446529080675422,3.7564669325317945
tonestro: Learn to play Music,3.7931035,2850,749420,0.475,4.360077288804784
All Video Downloader & Player,3.8,45,14573,0.5666666666666667,3.068843531167604
NB Power,3.8,10,9893,0.68,2.901188074531417
Pakistan Railways Official,3.8037066,63591,4832251,0.5521868365180467,5.035802477494731
Zarya App,3.8040817,2286,1133918,0.5432077125328659,4.495885834279009
Guess The Drawing,3.8055556,3336,5113900,0.5560887822435513,4.958986868883241
Eid Mubarak Photo Frames 2023,3.8090909,421,305732,0.5598062953995158,4.054284798046559
Vlad and Niki – games & videos,3.8137932,44627,22758527,0.43887518500246675,5.4424597877470235
Lexicomp,3.8163266,2873,2055698,0.44947735191637633,4.655527937924937
"AI Art Generator: Photo, Draw",3.8169014,1658,286884,0.49454094292803974,4.068445869503402
Baalveer Returns Game,3.8181818,89,65264,0.618181818181818,3.549845861336225
joomusic,3.82,647,237629,0.45625,3.9728668526406725
Flowers Wallpaper,3.82,2249,1457085,0.4907608695652174,4.558100785055456
US Bus Simulator Driving Game,3.82,5519,4625165,0.5295549500454133,4.940355497702768
ScaleMan,3.821782,7179,24687508,0.4814973567652522,5.431637075215737
Wearfit Pro,3.8254716,65946,14268257,0.4039992717562811,5.30349484368326
Suzuki Hayabusa Wallpapers,3.83,702,1575060,0.5358600583090379,4.556560127968008
Log Transporter Truck Driving,3.83,18435,11860347,0.46561479869423283,5.237317279669868
elo,3.8300765,12129,2628616,0.5266144329896907,4.799552723086384
Eid al Adha Frame With Name DP,3.8313253,103,47274,0.548,3.4500513591758515
Grand Cheat of Vice Nice,3.8333333,1899,506825,0.531921651667549,4.2536651526913
TeenPatti happy Club,3.8396227,820,770090,0.5698159509202454,4.358983931915609
Writing Wizard - Learn Letters,3.84,7517,7229154,0.4616907437132156,5.064701328589917
Little Fire Station,3.84,9581,8177946,0.42618135376756067,5.096574547541184
Watch Faces Wallpaper Gallery,3.84,1901,539390,0.536,4.274376556580804
Digital Informer: Watch face,3.84,858,34525,0.4475728155339806,3.4162629711749677
Little Panda Policeman,3.84,159290,95906095,0.49016334578532594,5.931836311690102
City Bus Simulator - Bus Drive,3.84,4451,4397888,0.5569070766448112,4.930786106906133
Save the Guy: Funny Choice,3.8431373,84688,6779650,0.47923497913686924,5.125232920288691
Fidget Toys 3D - Antistress,3.8431373,179086,128813777,0.4536310217995873,6.007435063002885
Remove Background From Video,3.8550725,2000,216298,0.5092385786802031,4.002024185962818
Jazz DiscountBazar,3.8561873,15108,3536016,0.5436006091504999,4.906108578150914
Toyota Supra Simulator GT Race,3.857143,104,40286,0.6873786407766991,3.430046785242559
Superhero Flying speedster,3.857143,560,549540,0.5727598566308244,4.248673955001368
Sehat Kahani App,3.8584905,1019,997163,0.5458128078817734,4.440384961030759
Land Cruiser Drift Simulator,3.86,5101,1162967,0.5014150943396226,4.528030114960736
Live Earth Map: GPS Navigation,3.8666666,2887,1799718,0.5289279437609842,4.647913614018966
Da Fit,3.87,174876,37752128,0.44260807040754696,5.6441267568486095
Bridge Race,3.870214,1675665,311858675,0.36905339124975084,6.292219272443391
WiFi Passwords Map Instabridge,3.8838263,2198636,175468165,0.5239856849673964,6.21850914356336
Hello Kitty Nail Salon,3.887584,693465,204594388,0.5205732789222448,6.228074699906733
UPaisa – Digital Wallet,3.887771,13177,3450741,0.559653784830309,4.907257936032052
Biker Challenge 3D,3.8888888,1514,9145432,0.4500330906684315,5.091424452771018
Colorfy: Coloring Book Games,3.8899298,875172,66540746,0.454785930641139,5.868565975610839
FamiSafe-Parental Control App,3.89,20528,5701324,0.5371270499901205,5.0629919672467985
Coach Bus Driving Simulator,3.8910892,6256,3957988,0.5601548636876915,4.922806836939996
McDonald's,3.8914373,540704,124524845,0.5678614102388624,6.098526494922954
Cute Pigeon wallpaper,3.8965516,179,229251,0.4695652173913043,3.9311174016252686
Number Master: Run and merge,3.8971963,69396,44994846,0.4840366230540392,5.693979937942171
Meri Sehat,3.9,259,126144,0.5875,3.7928329717665767
Advance Car Parking: Car Games,3.9011407,134777,74143743,0.47623629331017026,5.8595501358361695
Girl Talk – Girls Live Video C,3.9029126,3030,724078,0.5632978723404255,4.397743883741177
Car Driving School : Car Games,3.9042208,266727,99711654,0.5295780351806091,5.994625274739041
Charis – Video chat online,3.91,684,643877,0.6867362146050672,4.340945591257713
Smart Dash Cam,3.91,3086,1941974,0.4829815303430079,4.666115521174762
Pakistan Railways All_in_one,3.91,161,97811,0.6064516129032258,3.7035027658414883
Video Downloader and Player,3.9126213,7969,3664160,0.4987287602265576,4.891227905053787
"PC Games Radar for Epic Games,",3.913793,3873,1079913,0.5243626806833114,4.514236352694926
Universal TV Remote Control,3.9155843,429772,116878898,0.5425430980302699,6.066891513745489
Kids Coloring Pages For Boys,3.9189188,564,2416007,0.5212121212121212,4.686146821163515
Baby Panda's School Bus,3.919708,247613,125204818,0.518491054804501,6.0587611266728345
Block Crazy Robo World,3.92,117963,68561040,0.5135549263199068,5.854325258525846
Futafut Prime,3.9222221,97,54487,0.56,3.501906381441477
Kite Game: Kite Flying Games,3.9333334,167,367268,0.5515527950310558,4.089791985810311
Graana Real Estate Marketplace,3.9341316,3416,972382,0.5686309000293169,4.4972010418455755
Baby Panda's Fashion Dress Up,3.9363637,192958,108721232,0.49584634652060716,6.002359612302197
Tv Sports - Live Match,3.9375,144,60984,0.5044776119402985,3.541940023460866
Finger Paint Coloring Book,3.94,1617,3184855,0.4744186046511628,4.793938939817698
Tesla Proxy Pro - Safe & Fast,3.94,5770,2814142,0.4985183894021265,4.807431077503644
Dil Ka Rishta,3.9406896,7849,592030,0.527163798597833,4.368730885545836
Kurti Designs,3.9423077,962,515969,0.541077085533263,4.255378526467181
Tall Man Run,3.9438596,397858,100910617,0.4676283268169418,5.989838418314682
Phone Case DIY,3.9486165,740242,209021189,0.4198326426543691,6.198974485776371
HD Video Player,3.95,5152,3579897,0.6071484681853888,4.915088652228748
Daily Weather,3.95,27500,22754895,0.512131747483989,5.48661909459766
City Train Driver Simulator 2,3.95,21843,10512118,0.5187520102926986,5.252628093101908
Twerk Race 3D — Running Game,3.95,96721,89278970,0.5105384759486293,5.932738025240107
Little Panda: Princess Makeup,3.95,149141,94339555,0.5204755188394117,5.9678454461867965
"Drawing Desk: Draw, Paint Art",3.950495,105460,17597951,0.5204073474826306,5.458942512338552
Cash Bubble Win Real Money,3.9514563,12984,310924,0.5240052741797875,4.199717940796622
Card Game,3.9519231,324,215669,0.5667711598746081,3.9632383917319185
draw flights - drawing puzzle,3.9519231,28773,11704477,0.4749040139616056,5.275592289978042
Punjab Online Land Records,3.952381,2392,437735,0.5376308078694014,4.241638885160646
Rainbow - Monsters Guys Aid,3.952381,2990,706401,0.47659859390693005,4.370943465138728
Live Tracker Pakistan,3.95283,563,170464,0.5992857142857143,3.924350830224866
Slow Mo Run,3.9565217,68238,11627169,0.42250837890280474,5.278028529615304
Learn Kali Linux Quick Guide,3.9642856,1464,922618,0.4645789839944329,4.423464195032753
Remote for Samsung TV,3.967742,5112,2381828,0.6196124486200822,4.802526744939275
Real Cricket™ GO,3.9695482,287880,44439633,0.4754602931980824,5.747865060154659
"Beauty Camera -Selfie, Sticker",3.9723756,47888,16849174,0.5974103127287941,5.460010922059571
Pak E-Services,3.9746835,2663,632864,0.5362438840797893,4.358040053703341
Mehndi Design – Mehndi Designs,3.9772727,89,109741,0.5909090909090908,3.718182565827515
Learn Music & Songs Xylophone,3.9772727,1753,2296036,0.4187321530553969,4.68741569581194
Flag Proxy-Fast&Stable,3.9803922,45313,24330826,0.5905527815827847,5.5659724016133945
Online Tracker for Whatsapp,3.9818182,19663,121379,0.5219325544615071,3.9478290768963635
CashBird: Watch&Play To Earn,3.9833796,30831,7318926,0.5400344144670628,5.17429428179542
Fashion Dress up girls games,3.984496,43868,57511589,0.47255112532845883,5.767439694149468
B-Love Network,3.9849455,78559,9750213,0.5637113612058868,5.304185962694243
VFly: Video Status Maker,3.9858155,9625,4468201,0.5151886890529161,4.977201379429204
Ult Player,3.9873886,44122,9259038,0.5137740297424737,5.245558278253141
Simple Digital: Watch face,3.9879518,5286,253533,0.5050373491668263,4.106381179900146
OLX Pakistan - Online Shopping,3.9891272,428697,26762105,0.550479713921151,5.657587938952932
Little Panda: Sweet Bakery,3.99,39841,41703253,0.5496751269035532,5.705199859154031
HD Video Downloader App - 2023,3.990196,13701,11026932,0.5880540064572938,5.288077116071797
Join Clash 3D,3.9997423,2073284,361299895,0.4460007292975013,6.419780583927901
KTM 1290 Super Duke Wallpapers,4.0,1449,3143663,0.5523809523809524,4.820118609823794
Easy Proxy: High Speed Network,4.0,19012,8234533,0.5772133142826904,5.211687775612338
Book Flight Tickets by Pegasus,4.0,64239,8321779,0.5747620101837503,5.259434714350442
Coco's Spa & Salon,4.0,2134,5599099,0.5309056061332056,4.999101806526492
Magic Piano:EDM Piano Game,4.0,4143,4920118,0.46423569186186914,4.960420563808668
Music Dream Tiles:Piano Game,4.0,157,168074,0.7008,3.8957845467878083
DIY Makeover: ASMR Mask 3D,4.0,1558,3294942,0.5449871465295629,4.834448119055332
Indian Bike Game 3d Driving,4.0,1619,1643964,0.5789473684210527,4.640182523536406
Stick Fight: Endless Battle,4.0,27470,10422119,0.600051276416511,5.305423541740056
StarMaker: Sing Karaoke Songs,4.0041556,3481953,387404601,0.5775732129609924,6.543468725668372
Video Download Player,4.007653,46712,8855762,0.49213897099772946,5.22904329010815
"Word Office - PDF, Docx, XLSX",4.0096154,97936,40397008,0.6109179366101453,5.763512806069572
Ball Run 2048: merge number,4.0121064,202710,108558652,0.47701816745655606,6.01326044815821
Talking Tom Cat,4.013153,2603115,549727949,0.4539141679475767,6.55994721378148
Miami Rope Hero Spider Game,4.014785,166137,128592022,0.5395195914901817,6.091022407897869
Real World Cricket Games,4.0151515,6939,2790264,0.5610734381763093,4.849932650978923
Farm Land - Farming life game,4.017021,393997,43758272,0.46167499402768114,5.757927612590141
Coloring & Learn,4.0183487,243231,151470195,0.487163354182859,6.125112833210257
Online Vehicles Verification,4.019608,313,310061,0.647557003257329,4.099670792757811
Motorbike Stunt Super Hero 3D,4.02,4189,1977244,0.5690303907380608,4.732533039070094
Benazir Income Support,4.02,212,73627,0.5903846153846154,3.642611696737069
Read Quran offline,4.02,1912,577705,0.60534871525957,4.349718437291851
Love Photo Keyboard Theme 2021,4.020408,1356,1157939,0.49803328290468996,4.507072593553931
Perfect365 Makeup Photo Editor,4.023256,785794,58807016,0.5231425057233003,5.9059379560772385
Truecaller: Caller ID & Block,4.023409,19019549,1132206729,0.5707221155531683,6.923709655365232
Instagram Lite,4.023669,1063629,283638159,0.5134370965603553,6.37629637336589
Ludo Game,4.0255537,77386,42552695,0.5057923045097228,5.7219934656951414
Girls Hairstyles Step by Step,4.0277777,855,429172,0.4981949458483754,4.197074942723674
Sexy Girls Live Video Call App,4.029703,5413,2516816,0.5722170426999814,4.817229692890497
Android Secret Codes and Hacks,4.029703,3361,253928,0.5053512705530643,4.097297445277461
Street View Live Map Satellite,4.03,3947,1704903,0.5467485919098822,4.680132432598841
Little Stories: Bedtime Books,4.03,5839,2049680,0.5613778705636744,4.755302093180269
Girls Whats Groups Link - Join,4.032787,116,49777,0.6392857142857142,3.512129959338037
Barwaqt - Loan Money Cash,4.0344143,377950,13755980,0.6259255339415363,5.514327833847995
"Tamasha: Live Cricket, Movies",4.0358624,92141,20634784,0.5345778568870269,5.530867011924671
Megapolis: City Building Sim,4.0360723,1504663,93864412,0.5318294876184714,6.076104769267294
LP: Dating Video Chat Live,4.037736,165686,12505683,0.5700832095455479,5.423828041690116
Indian Wedding Dress up games,4.037736,19078,10501089,0.5291835339887493,5.2718617621658455
"Sastaticket Flights, Bus",4.0397353,3279,921274,0.5996944699052856,4.512178000473837
Ice Princess Makeup Salon,4.04,4329,4061922,0.5759924829692271,4.953991398187348
Marvel Unlimited,4.04,74739,7456026,0.5342940488513087,5.22338889147263
BowloMeter - Check Bowl Speed,4.04,1733,412663,0.5483720930232558,4.2309779502033695
Mad Skills Motocross 3,4.04,89592,35397664,0.49601178716137023,5.670949907892091
Game Show – Live Quiz Pakistan,4.04,246,50742,0.5836065573770491,3.5405011677936775
Piano Game: Classic Music Song,4.0478263,247650,77232346,0.5225610200069576,5.953564880022589
Update Software App: Updates,4.05,2953,66946,0.5044847654912701,3.7056537396751996
Mars Proxy-Fast and secure VPN,4.054348,2397,4425946,0.593842260649515,4.965516069853474
Sim Owner Details 2022-2023,4.0543933,1913,283219,0.5722367731796753,4.134875110229708
Clash of Empire: Strategy War,4.0559006,172527,15657542,0.4732336459452397,5.443560745766188
News 9,4.056604,25287,7675699,0.6154698757026364,5.233802520313327
Park Master,4.058319,516733,147325405,0.5157567697837967,6.169533652277926
Blood Pressure: BP Tracker,4.0588236,68,134725,0.632258064516129,3.784741527935243
"Drawing Apps: Draw, Sketch Pad",4.059406,3769,3654301,0.4917381974248927,4.889251359363776
Broken screen wallpaper HD,4.059406,2650,2386271,0.575161412837068,4.780342437740819
Wordoo,4.059406,829,327670,0.5542579075425791,4.138010793355586
Eid Mubarak DP Maker With Name,4.06,152,88475,0.6340136054421769,3.697618118805703
City Train Driving Simulator,4.06,4155,6602180,0.5601744186046511,5.094767747367667
Car Parking 3D : Parking Games,4.06,1407,2379804,0.540691685062546,4.742764154309948
Little Panda's Town: Mall,4.060606,9468,9101777,0.4304701531959852,5.167202714318894
Car Cops,4.061674,100942,21303254,0.5306032602229008,5.548371090585603
Blood Pressure Tracker App,4.0686274,836,83014,0.5421686746987951,3.7315210116205333
Velociraptor,4.0686274,4694,5546099,0.5822882999353588,5.058136265664013
GPS Photo: With Location & Map,4.069307,4962,3173292,0.543617240668179,4.879569337551076
GPS Navigation Live Map Road,4.069307,27771,16879422,0.5332272875167203,5.435482501151846
Makeup Tips 2022,4.07,4265,1380818,0.5529049087028693,4.631080291190559
Pk Cargo Lorry Driving Sim,4.07,678,522939,0.5232142857142857,4.260439943344491
Photo Video Maker with Music,4.072165,47956,15944554,0.5433168471796157,5.444475866974729
MangaToon - Manga Reader,4.0723686,663896,37959567,0.5159782269339884,5.7813038172589994
Anime tv - Anime Watching App,4.0731707,4255,360442,0.4635786503644486,4.200932468558479
Geo News,4.0740485,55428,13815272,0.579191627571274,5.426220346413662
Mehndi Design 2023 (HD),4.076923,862,919399,0.5252380952380953,4.43894621578933
BILIBILI COMICS - Manga Reader,4.078591,268602,24990351,0.48816370939495785,5.611075853151094
MANGA Plus by SHUEISHA,4.08,62605,11816719,0.4985555573368389,5.344657629581712
Race Master 3D - Car Racing,4.0802536,1644217,223059963,0.49139784946236564,6.322772964473259
OyeTalk - Live Voice Chat Room,4.0802965,22068,7854251,0.5184789013280151,5.195867821671078
Mehndi Designs 2023 HD,4.081081,316,401755,0.4894568690095847,4.144253408747206
TNAOT - Khmer Content Platform,4.0833335,11052,1448506,0.43333333333333335,4.633722261379836
"Careem - Ride, Delivery, Pay",4.0838933,1296677,49930677,0.5937879193347251,5.941089275340131
UdharPaisa-Safe&Reliable loan,4.084785,38740,1476332,0.5784685289409821,4.755086711008609
"BiP - Messenger, Video Call",4.086614,1296649,82729463,0.5699419762922673,6.075343293189014
All Video Downloader App,4.0887575,283749,52462144,0.5032888870090549,5.843961515985975
Snapchat,4.08886,32947391,2552165934,0.5135455177648484,7.165053290381524
ArtistA: Cartoon Photo Editor,4.0889063,373025,28333038,0.5590439751073168,5.705313632549347
IEEE,4.09,2799,1471803,0.5109182935647143,4.6212319400533275
Formula Racing: Car Games,4.09,9558,12581657,0.4855142703284868,5.292588868064428
Drifting & Driving-Drift Games,4.093168,6504,3004650,0.5352823511309432,4.875316169210106
Bike Racing: 3D Bike Race Game,4.09901,8397,8509572,0.5833691756272401,5.215774052338619
MooReader,4.1,8045,6435976,0.5482982982982983,5.11630643167
BabyBus TV:Kids Videos & Games,4.1,6754,9018522,0.5284688995215311,5.201335015834275
All Movie & Video Downloader,4.1,1967,1631669,0.5694287184765826,4.661192704508211
Dragon Tiger Slots - Up Down,4.1,94,130984,0.6711111111111111,3.8048306624421557
Bridge V+ fun bridge card game,4.1,11536,3734855,0.48101709776413853,4.939134475076726
Facebook Lite,4.100168,24529958,2838706564,0.5422872564533718,7.214402972264745
Default Music Player,4.1003237,718439,135371704,0.5402680636442165,6.184255755766786
"WiFi Map®: Internet, eSIM, VPN",4.1006694,2450528,111822196,0.5284637669803701,6.164378182060104
Eerskraft - Explorations,4.101124,220999,48124278,0.5360432228588005,5.8322416273158115
Rolling Balls 3D,4.102362,24777,32299085,0.5364165588615782,5.6332955677777425
Coffee Stack,4.1026692,254644,36960436,0.469115567149637,5.719921597924478
Bykea: Moving People & Parcels,4.102904,96613,7739632,0.5800886054985095,5.285768223032493
Little Panda: Star Restaurants,4.1034484,9105,6923455,0.4830238435336776,5.115015376099428
Tesla Proxy - Unlimited & Safe,4.1037736,16826,10708911,0.4950952380952381,5.271991592250494
Livetalk - Live Video Chat,4.104439,244662,107318906,0.5614457929827861,6.0898085867608565
Scores Predictor,4.105263,653,587738,0.6325153374233129,4.3328024895279835
Yummy TeenPatti,4.107843,566,308272,0.5740674955595026,4.117630781331189
Yo Watssapp 2023 Version,4.108911,3876,1185410,0.4917421692984727,4.565540064732875
Driving License Verification,4.11,225,120579,0.6208144796380091,3.8115624644496533
Aventador Drift Simulator,4.11,13468,10125369,0.5695606850335071,5.282736210896343
HD Camera for Android: 4K Cam,4.11,40132,6762255,0.517730816474894,5.180418311952517
Dating with singles - iHappy,4.11,63952,27230487,0.5986591091083232,5.6531689162098235
Commando Mission Offline games,4.1153846,11539,5978543,0.506508875739645,5.092998007303381
Amazon Prime Video,4.116,3959757,565363300,0.5292872549135998,6.667107180865572
Vegas Crime Simulator,4.1174192,1362720,216710607,0.534020329549766,6.348352011195477
Bubble Shooter Gem Puzzle Pop,4.12,6791,5250373,0.6090349692330782,5.079559074039414
FPS Commando Shooting Games,4.1209335,411493,228019094,0.5291931383462228,6.317965889429433
Burger Please!,4.121339,140954,25463786,0.48547154142622917,5.603503573865429
Jazz Islam World,4.123377,4691,2261940,0.5870651013874066,4.8058039014803695
YouTube,4.1246247,149773665,14257009198,0.5426095022029419,7.767739587377416
Drivalia UK,4.125,42,80206,0.45853658536585373,3.582878948146505
Spider Solitaire,4.125,42468,10097718,0.5037400599353454,5.2973826398349155
Monster Trucks Game for Kids 2,4.1272726,97476,95912329,0.5747561251103854,6.035551863197697
Name Art Maker & Text Editor,4.127451,761,516182,0.5598923283983849,4.281724381477357
Arm Wrestling Master,4.129032,1945,6735812,0.5661087866108787,5.086416639262483
Addon Mod for Melon Playground,4.1296296,8492,204579,0.4655792756056608,4.072203312661993
Used cars for sale - Trovit,4.13,58390,8387674,0.5824473299509846,5.297936019933081
Eid Mubarak Poetry Photo Frame,4.13,475,358546,0.55863539445629,4.1535283448290565
MedShr: Discuss Clinical Cases,4.13,11732,5521080,0.6130416203743271,5.122033927979684
Mega Fingerprint Animation,4.130282,17018,368148,0.520312959585858,4.297061882558653
LINE: Calls & Messages,4.130548,13770771,948863750,0.5574068792950932,6.892968532825919
MTMIS Vehicle Verification Pak,4.1344085,2052,215376,0.5436950146627566,4.061733840410117
Baby Panda's Kids Play,4.1354165,24974,9307476,0.516706711516899,5.262377456928709
Bubble Shooter - Home Design,4.135531,226107,80567455,0.5248496275543398,5.988866421513885
CricBox Fast Cricket Live Line,4.1384616,291,691046,0.5937282229965157,4.338585481492612
Daily Journal: Diary with lock,4.1390533,204040,4410822,0.5421297499227854,5.138868788830249
XY VPN - Security Proxy VPN,4.139659,367300,88702301,0.5387586176851781,6.045284224303157
TikTok Lite,4.13967,6137918,792620886,0.5458064495106577,6.804143221189494
Cover Hunter - 3v3 Team Battle,4.14,58137,20194026,0.5678308123637119,5.552511602925536
PTI Banner Maker – Post Maker,4.14,165,102877,0.6012422360248446,3.749094104378485
VFly Magic Video Editor & Vide,4.14,2043,292789,0.6318069916297391,4.186123567610994
Little Panda's Ice Cream Game,4.14,110736,68300732,0.5410504454282122,5.9240006300555095
Bandook Wali Game : Goli Game,4.14,4047,2327261,0.589781746031746,4.812627504074174
Maqsad — Online Learning,4.1407466,25783,2737727,0.5655894789929007,4.927843281235749
G Talk – Girls Live Video Call,4.142857,210,70711,0.686,3.672474606225092
MP3 Downloader - Music Player,4.1432223,573652,129929389,0.5588318785287584,6.189446053218389
Magic Tiles 3,4.1433825,3112107,583983600,0.5043215317573119,6.659026042180994
بازار Bazaar,4.143406,7801,547000,0.6159055926115957,4.426350646829617
Subway Princess Runner,4.1462283,1481776,482098488,0.5261516054072186,6.592481260034502
My Telenor,4.147522,539626,41329131,0.5617782884251881,5.851423030232005
Robot War: Robot Transform,4.147541,3307,7167553,0.588780946411783,5.139227004171398
Real Piano,4.1484594,243326,147736636,0.5717683438327549,6.204188383226329
Read Carry Share,4.1489363,2710,6366513,0.544903988183161,5.078567391932824
My Talking Tom 2,4.1522775,5319392,702396223,0.4850952313184922,6.7206148097514165
Temple Run,4.1529555,5253545,791042820,0.5315893715383654,6.791687733411223
Easy Urdu Keyboard اردو Editor,4.153336,91942,25308546,0.5482798002980301,5.630245077134111
Bridal Mehndi Design App,4.1538463,116,337156,0.5203539823008849,4.068126680622926
Dress Up Game,4.1550803,98450,19717046,0.5309341547470188,5.549506187221151
Pictoword: Fun Brain Word Game,4.1559253,426543,25491053,0.49864941241583743,5.661013251656672
DSLR HD Camera : 4K HD Camera,4.1564884,28547,12954976,0.6092100651853929,5.417908919907593
Urdu Keyboard- اردو کی بورڈ,4.1570797,9379,3436789,0.5461333333333334,4.94785961738565
IELTS Prep App - takeielts.org,4.1575756,25525,3993852,0.556725973056832,5.038498601093114
Vehicle Verification Pakistan,4.16,5255,1778267,0.593447619047619,4.750180205816029
Fart Sounds,4.16,10775,2505815,0.5264110053707717,4.851532264939111
Simple Mehndi Designs,4.16,462,455223,0.5371681415929204,4.220981298750928
All Video Downloader - Vidm,4.1603775,5820,165060,0.549740034662045,4.036831090096217
BOOKKARU - Ticket Bookings,4.1605353,8910,570682,0.6263388346244527,4.4538223636730425
Nexus War: Civilization,4.160714,2494,574766,0.5846930193439865,4.380136205402701
My Talking Angela,4.1629868,13969397,864291989,0.5190239223078008,6.846865212934747
Word Search by Staple Games,4.1642857,69987,1388508,0.5010431721591804,4.740174225588133
Hairstyles step by step,4.1650486,26071,10133945,0.5597509416557767,5.318110846148001
Attack Hole - Black Hole Games,4.1669536,286657,44727265,0.5208522104557735,5.8297702621074245
Ludo - Teen Patti & Variations,4.168317,421,46021,0.5700483091787439,3.551404402158361
Airport City transport manager,4.169082,924215,44172434,0.5395024080695499,5.883947529719125
Perfect Cream: Icing Cake Game,4.169565,322660,184485447,0.5342074821598588,6.263642023593645
HBL Mobile,4.1699414,227475,7553567,0.5763827158865603,5.331709365853202
Excise and Taxation - Online V,4.17,413,252554,0.5857493857493857,4.057770856118333
ABC 123 Kids: Number and math,4.17,1701,2371611,0.5240884638374178,4.76198661648123
LSM,4.17,176,86938,0.6473988439306358,3.7184605926235696
Jazz Mosafir,4.17,635,801198,0.5280507131537242,4.400727772361115
Babyphone game Numbers Animals,4.17,38629,51355355,0.5424321231665453,5.807493495857759
Hop Tiles 3D: Hit music game,4.17,11773,5611344,0.5376941663790128,5.101082775840484
US City Bus Simulator 2022,4.17,3213,2792083,0.5332068311195446,4.839739257531509
My Zong,4.1703315,583656,49983641,0.5635171763899597,5.919251782436048
Live Satellite View GPS Map,4.1707315,35769,18418903,0.6067772896437865,5.534503666817509
Airline Commander: Flight Game,4.172269,443727,46741266,0.5649719807416929,5.890056120557663
Cat Runner: Decorate Home,4.1735263,595930,270998756,0.5285890501308191,6.398287162056682
Bykea Partner,4.173861,50492,2040562,0.6424228019094024,4.920579901779177
Planner 5D: Design Your Home,4.1748633,330051,37010627,0.5893634713783664,5.825780523328572
Video Player All Format Hd,4.1764708,4971,2566880,0.5804334616163662,4.8543447263113535
Likee Lite,4.1766047,741229,171511606,0.5640521932244873,6.296147823428331
Infocar - OBD2 ELM Diagnostic,4.177419,17045,5619632,0.632414035911278,5.165273203485518
Webnovel,4.1778846,326619,20039632,0.5120423856654034,5.594919990540626
Word Horizons,4.178218,2724,233586,0.48745304282494367,4.083183314669969
Play and Win-Win Cash Prizes!,4.1793103,17342,2536830,0.5686847117215906,4.899684657632768
Milli Naghmay Pakistan Indepen,4.18,182,110548,0.6404494382022472,3.790908304038279
Hair Tattoo: Barber Shop Game,4.18,42965,55064024,0.5991724911755769,5.8658849913669755
Shotgun Sounds: Gun Simulator,4.18,16208,26879346,0.5298221698990024,5.577107173840617
Rope Hero: Vice Town,4.1817,1505856,249999013,0.552013579709067,6.428668737836659
GAMEE Prizes: Real Money Games,4.1835246,587033,22193802,0.5106198942815954,5.64803140011646
Dating and Chat - SweetMeet,4.183884,268152,63838950,0.590494954922682,5.982144498011261
Facebook,4.1842055,134320538,8761958458,0.5623182322572624,7.664575442495063
Stack Ball - Crash Platforms,4.1843476,1087994,408645021,0.5628990160033907,6.570586670290701
Emoji Puzzle!,4.184739,252479,174884211,0.5472836511786433,6.251277596009831
Going Balls,4.1850514,538582,220136372,0.5491083250848219,6.350224939951442
TickTock-TikTok Live Wallpaper,4.1855073,955654,197177720,0.560024278956842,6.347633311594554
Gear Proxy,4.1862745,7821,17421522,0.6043013522215067,5.455388052493313
Ludo SuperStar,4.1869564,362619,139191693,0.5641056756972924,6.209308038421831
Urdu News - Pakistan News,4.188119,697,89478,0.5364161849710982,3.762246354627802
Internet Speed Test Meter,4.188119,16565,2716807,0.5746835443037974,4.923076136211491
Badoo: Dating. Chat. Meet.,4.1892104,6224638,336923358,0.5815849707417484,6.598516384331628
Uber - Driver: Drive & Deliver,4.1892877,3504720,134728428,0.6408895440228018,6.350467080425886
talabat: Food & Groceries,4.19,341832,24873227,0.6207489667754889,5.73543922203646
Home Security Camera WardenCam,4.19,63105,11488960,0.6524644118163954,5.450862862717161
BabySleep: Whitenoise lullaby,4.19,73316,5431134,0.5445819540403555,5.17419123882608
Weather for Wear OS,4.19,25128,2667210,0.5625874545236477,4.929768773610253
Learn Piano - Real Keyboard,4.191489,4157,3695792,0.5627118644067797,4.950220981707227
GilgitApp:Buy/Sell in Pakistan,4.1923075,1087,447869,0.5957446808510638,4.278927642797205
My Talking Angela 2,4.1927314,1869349,222191684,0.5005172970014536,6.367397544812118
Girl Random Vid Call,4.1929827,430,258302,0.611214953271028,4.0778310641813444
YouTube Kids,4.193178,2480635,478232676,0.5200302835576246,6.619869150799553
Elite Force Gun Shooting Games,4.194175,1359,812975,0.5130044843049326,4.43503015505766
Temple Run 2,4.194199,10036731,968420693,0.5515856261221497,6.907274065160094
World Cricket Championship  Lt,4.1957283,911317,77403403,0.550422038161204,6.065463467781325
Photo Video Maker with Song,4.1959147,101149,24920677,0.5851737573923536,5.663180202259597
My Mini Mart,4.1962867,592344,72716563,0.5455061833458283,6.026705325953193
Pakistan Weather Forecast 2023,4.1970587,3491,1108204,0.5244189383070301,4.570872667605832
Ludo Kingdom Online Board Game,4.1971154,32897,13630388,0.5617989836594346,5.424580161914844
My Talking Tom,4.197136,17634535,1085595332,0.5325933806200196,6.947380765704413
ZEE 24 Taas: Marathi News Live,4.1975307,1465,1158098,0.5685362517099863,4.564583040494864
Racing in Car 2,4.197795,949462,330892147,0.5375314946364318,6.48896347212092
Fake Battery Charge Animation,4.2,93,25844,0.7217391304347827,3.348365412783353
Video Conference Clue,4.2,74,18952,0.7213114754098361,3.2435494873686723
X ray scanner body real camera,4.2,118,57737,0.7213675213675214,3.5993958349829422
PhotoWear Classic Watch Face,4.2,35353,3776257,0.5825399553187833,5.060211690039407
Runner Heroes,4.2,3735,7227120,0.5646995127233352,5.147512303713422
imo Lite -video calls and chat,4.2021275,134945,44860095,0.5603388799453993,5.835958007653443
Classic Watch Face,4.203704,5083,764426,0.4891163156858886,4.462520146117566
Surveillance camera Visory,4.2038836,26470,892340,0.5257681060347119,4.593966226384445
"Sango-Chat, Explore & Hangout",4.205156,56681,20531015,0.5687814347480808,5.574531485076162
Zoom - One Platform to Connect,4.2052455,4100932,1019345416,0.5522116401084196,6.892762953471882
Amazon Shopping,4.2064366,3388066,699838252,0.5997959576470422,6.811668997093072
WSOP Poker: Texas Holdem Game,4.2066116,1600219,67888013,0.5804919501734275,6.075249199359165
YouCam Makeup - Selfie Editor,4.2072477,4170968,328369516,0.5751263071882888,6.576581201218742
Baby Games: Piano & Baby Phone,4.207921,30531,38343529,0.5442791310072416,5.7217053372477675
HryFine,4.208609,100649,22110071,0.5771273367624089,5.626400849596983
Ludo Club - Fun Dice Game+Rush,4.2091346,1700457,160598319,0.5784135020302921,6.331630555717864
Girls Hairstyle Step By Step,4.21,3115,1935546,0.5697795071335928,4.752749270960849
Simply Piano: Learn Piano Fast,4.21,736059,61178772,0.5528517234435126,5.993780516984786
"Teenpatti Ace Pro -poker,rummy",4.21,3775,922038,0.6294307196562836,4.567681373212889
Blood Pressure Tracker,4.2105265,2853,1673613,0.5784461152882205,4.70954487472666
Bubble Shooter Pop!,4.211765,49046,13871370,0.5216223936018282,5.427319452629284
Pregnancy Tracker and Baby,4.212766,14928,1627512,0.5277502344901515,4.7496141206279585
Pi Network,4.212882,610161,69059179,0.592845049276949,6.051060527474134
Ludo Lush-Game with Video Call,4.213643,162878,4873863,0.5786198893602913,5.203368177958267
Pharmapedia Pakistan 2023,4.2139535,2204,56214,0.5279344858962693,3.6799249462449195
Piano Kids - Music & Songs,4.214979,630642,229878428,0.5278134706477701,6.363704479597038
Ludo offline,4.2178216,1949,1532812,0.6030959752321982,4.677838758185113
NayaPay,4.21797,12137,1580108,0.6079129574678536,4.773249847364845
India Vs Pakistan Kite Fly,4.2181816,17285,8468462,0.5559561764535389,5.2587997237191635
AppLock,4.2184396,1204745,224007179,0.5446829068264618,6.394395616073745
Wrestling Trivia Run,4.2190475,8662,1077371,0.6042681512410114,4.6432628128586915
Yalla Ludo - Ludo&Domino,4.219133,721518,161459884,0.5744541896282168,6.29866310920833
Hill Climb Racing,4.21971,10781802,981945299,0.556902336540743,6.928582794065661
Masha and the Bear Pizza Maker,4.22,80635,44884005,0.5216703755734301,5.7969739221202605
Street Racing HD,4.2203946,155431,58899052,0.5606121844791412,5.927892698584198
Ludo Party,4.2206187,60821,14566083,0.5852846331029944,5.489687635029532
Tiles Hop: EDM Rush Music Ball,4.221232,3286606,544593012,0.5517998198917099,6.703589876218394
StreamKar - Live Stream & Chat,4.222119,186328,69314954,0.5626557174677294,5.9854118651094455
foodpanda partner,4.2222223,95,45995,0.49462365591397844,3.4682902481497875
Princess Girl Hair Spa Salon,4.2222223,1841,1766166,0.6601117318435754,4.740879043447716
WhatsApp Messenger,4.22266,177843507,8154783039,0.5643997874961557,7.673773799178015
Dr. Driving,4.223077,6468228,531068246,0.5631810299832533,6.732859965312605
Mehndi Design 2023: Nail Art,4.223301,2744,1129153,0.5427629168193479,4.578836632982522
Messenger,4.2252374,87280960,6051964131,0.5785838419412138,7.572620771289641
Carrom Pool: Board Game,4.2253776,5304550,401894882,0.5563012916658182,6.637596425636478
Color Adventure: Draw the Path,4.22561,141225,121205288,0.5515860475991412,6.1340317744507455
Yalla - Group Voice Chat Rooms,4.2260127,245618,112049699,0.5954170620166719,6.161999798047412
Bermuda Adventures Farm Island,4.2262774,281417,17086134,0.5119235888201675,5.5556269057981496
Constitution of Pakistan,4.2268906,156,35406,0.609271523178808,3.4447125974508954
Beat Racing: Car & Racer,4.2277226,61396,59310942,0.5403788437884379,5.882053643925085
CGTN – China Global TV Network,4.2295084,21952,11241322,0.5705530983539282,5.363274611923698
BandLab – Music Making Studio,4.230159,350049,55941053,0.5896450331581331,5.968674992438126
B612 AI Photo&Video Editor,4.2304783,7472950,806180341,0.5568006954265214,6.859775856569731
Grass Proxy - Secure& Fast,4.231707,3248,8194656,0.5882132834424696,5.195477106264821
Commando Shooting 3D Gun Games,4.2325583,117,384504,0.6642857142857143,4.152831113622337
Ludo King™,4.2332373,9503048,914651072,0.567997168017625,6.917394919408725
Top Speed: Drag & Fast Racing,4.2333803,920396,63299256,0.561525652173913,6.026923824175746
Opera Mini browser beta,4.2346168,792041,86242200,0.5687083556930459,6.117839916368068
Deal To Be A Millionaire,4.2352943,9792,2736855,0.5137392019744961,4.883337595897131
Ice Cream Inc.,4.2356324,306167,162046483,0.49988823164155693,6.219250111898453
2 3 4 Player Mini Games,4.235908,1145528,228314589,0.5747188111600464,6.426322201804155
WhatsApp Business,4.2364316,11284392,1000112261,0.5661333145226239,6.950417991511071
Granny,4.2370944,3896167,309574480,0.5616587290627193,6.556711982920896
Indian Master Bike Driving 3D,4.237288,974,983875,0.6387434554973822,4.530982624066804
다방 – 대한민국 대표 부동산 앱,4.2380953,35729,15435092,0.5841520418730932,5.487922236101003
YouTube Music,4.238512,4799224,2979984046,0.5928145666591442,7.263525705692783
Pakistan vs India Ludo Online,4.2386365,17469,8143057,0.5759276225377921,5.262952124573339
Car Race 3D: Car Racing,4.2386637,107758,89287177,0.525540964728171,6.019738922893225
imo-International Calls & Chat,4.2393613,8126968,1136158582,0.5720908427345943,6.98135391541345
Cars Mod for Minecraft PE 2023,4.24,4065,1590668,0.5763663220088626,4.715434814966082
Super Hero Us Vice Town Gangst,4.24,5652,1805741,0.5707992895204262,4.765179102410168
Puzzle Vehicles for Kids,4.2413793,1079,2668079,0.5522748375116063,4.800673245144169
BIGO LIVE Lite – Live Stream,4.2427983,224582,41271939,0.583245289742105,5.859392343811406
Coloring Games: Color & Paint,4.246154,67869,100966272,0.5517479728831584,6.055860010087427
Fruit Ninja®,4.2463326,5526887,562280087,0.5565782093084692,6.746795016934036
Figgerits - Word Puzzle Game,4.246988,77220,8156743,0.509195581142057,5.2898506721301155
Weather Live - Radar & Widget,4.2475247,934,1097002,0.6348017621145374,4.561728613781336
Teen Patti Comfun Card Online,4.2475247,50431,17557574,0.5923996175908222,5.548498813049146
Bike Rush,4.2484474,85101,46124333,0.5562457386029671,5.835760113276696
Bottle Jump 3D,4.2495275,329977,153101316,0.5608370611873531,6.251054455167767
Islamic Names Dictionary,4.25,509,503781,0.5508982035928144,4.2728952105654185
Fire Game: Gun Games 3D Battle,4.25,262,136700,0.6535433070866141,3.8867708937319425
Spotify: Play music & podcasts,4.250798,28885129,1725005512,0.5753492201429882,7.164200094048984
Racing Fever: Moto,4.251356,672893,134419715,0.5654326602253998,6.245680815900677
FPS Online Strike:PVP Shooter,4.2526884,88471,26716146,0.5642441663083086,5.681607837701676
Fruits and Vegetables for Kids,4.2545457,24977,5783547,0.5745815648274205,5.180590291734904
Volume Booster for Android,4.254902,44539,3527446,0.6207343412526998,5.08734223680869
Sketchbook,4.255814,627638,120713232,0.5485007075742315,6.200059738968232
Asphalt Nitro,4.2561226,1841154,140613453,0.5680546781769089,6.304443783968254
Photo Lock App - Hide Pictures,4.256302,560304,75398289,0.5927581215451864,6.08817645646787
Earth 3D Map,4.257426,7254,1937920,0.6253171694389625,4.8274933473713535
WaLog Online Last Seen Tracker,4.257426,22878,1268273,0.615278082131744,4.752379062420462
Fly Flag - Quick Proxy,4.257426,2840,4556572,0.595821325648415,5.0234942613453395
Google Meet (original),4.257448,2220465,524045841,0.5532833404361329,6.69066765432246
Pooking - Billiards City,4.2580647,3416997,420821680,0.5588772437521163,6.647772310464674
"Udhaar Book, Digi Khatabook",4.2587066,36617,4286829,0.603638151425762,5.126868758848685
Draw Cartoons 2,4.26,346670,15849333,0.5457712307033087,5.574858412371994
Sunglasses Photo Editor 2023,4.26,2450,1709339,0.627298969072165,4.739610420095141
Coach Bus Simulator: City Bus,4.26,10529,10171528,0.5542393896041965,5.300874586158343
Ultra Watch Face,4.2608695,4820,978659,0.6092192691029901,4.599313988226897
AC Remote - Air Conditioner,4.2612615,131622,7484716,0.6455232686495581,5.377668747932756
Match To Win: Real Money Games,4.2624583,376909,7357515,0.520221075472149,5.335348406754198
Million Golden Deal,4.2626667,55226,7709779,0.5974608349180476,5.316385828467878
Urdu Shayari Poetry on Picture,4.262948,2936,2814181,0.622237380627558,4.894599348932384
Prison Break: Stickman Story,4.264325,323554,90459601,0.587353059394614,6.11719231807668
Video Downloader App,4.264423,24274,14416536,0.5880857036700655,5.459786442562235
ICC Cricket,4.2645245,123104,15743678,0.5812341065117602,5.553554891131255
Big Time Cash - Make Money,4.2647657,456785,16280990,0.5549385406104987,5.6023727710923765
Real Cricket™ 20,4.265698,1515038,52755393,0.5654634442563274,6.007990990903486
Block Puzzle Jewel,4.2662888,1746788,336957597,0.5418264373635486,6.543989530836919
Robot Car Transformation Game,4.266667,6217,13783296,0.5973097112860892,5.390839039421736
Count Masters: Stickman Games,4.2670455,451203,177813519,0.5731616937764029,6.322684514933782
Cricket League,4.2695036,786840,51337769,0.5525354278669564,5.9638029353779105
Facer Watch Faces,4.27,144133,12776655,0.5380009468905784,5.472156364412902
"BeautyPlus - Retouch, Filters",4.2706437,4919009,452302881,0.5756908669676016,6.702938477513032
Name Shadow Art Text Art Maker,4.271605,421,230632,0.6492753623188405,4.068577811303338
Piano Fire: Edm Music & Piano,4.2739725,545484,169183557,0.5966615862325738,6.3353602653366154
Piano Music Go-EDM Piano Games,4.2743363,486856,103583261,0.5982319951318191,6.186194760064298
GPS Navigation Globe Map 3D,4.275,3378,2400240,0.5605830549650774,4.828998760334393
Smarty Man - Suit Photo Editor,4.277228,1917,1469201,0.5671800318640468,4.6612122401932625
Ludo Master™ - Ludo Board Game,4.2798634,133723,47793380,0.593003015812436,5.898123366508253
Dating and chat - Maybe You,4.28,46050,14886120,0.6270369882848493,5.525246995056579
Ludo - Offline Board Game,4.28,11637,3426682,0.6127409456305644,5.0177341755112
Dancing Race,4.28,51519,32803806,0.6319688262615131,5.7676937199604765
Baby Panda World: Kids Games,4.2802196,403037,129503582,0.598781387469603,6.24648114600481
Super Bino Go:Adventure Jungle,4.2809772,537083,196127329,0.5475727938341531,6.344895509016479
Music Player,4.28125,810,227880,0.6071428571428571,4.085217939881928
Google Play Games,4.2818565,13123097,5191927601,0.589707435655756,7.485328938172181
SHEIN-Shopping Online,4.2834644,6052135,477873906,0.5523193616318564,6.712554315473749
AR Drawing: Sketch & Paint,4.283582,37438,599551,0.5716297191992477,4.538343266385699
Russian Car Driver UAZ HUNTER,4.284404,17013,1438352,0.5175007403020432,4.729127818434176
"Bus, Flights Booking - Bookme",4.2852874,31086,1789714,0.628299337236986,4.883441546369414
English to Urdu Dictionary,4.2873197,33372,11141299,0.5552984895708463,5.3845862583142505
Kung Fu karate: Fighting Games,4.2873664,118279,82420298,0.5915623018054205,6.0557228840569355
"UC Browser-Safe, Fast, Private",4.2884045,22306125,1031955552,0.5821443059803342,7.023772766938096
"Vault - Hide Pics, App Lock",4.2886996,1277797,110470702,0.589812547301459,6.246260481001738
Santa Call,4.29,6309,17752422,0.6090422946037919,5.4778669932388055
"GPS, Maps, Voice Navigation & ",4.29,94484,76077778,0.624718767560461,6.04409620861604
Tinder Dating app. Meet People,4.2903028,5971468,367033995,0.554257242007664,6.638125053181925
Real Cricket™ 22,4.2911897,127943,12186799,0.5488460816811558,5.466184930808713
Ludo Titan,4.292127,747166,39228668,0.5673177560837199,5.900765135172998
Hero Wars – Fantasy Battles,4.293144,1540640,99557670,0.5470431046913586,6.191103462507472
Eid al Adha Name DP Maker 2023,4.296296,61,32311,0.6237288135593221,3.3800792920514904
"Picsart AI Photo Editor, Video",4.2965436,11820054,1073221287,0.5774274012120857,7.007616290727174
"Photo frame app, collage maker",4.296875,1303,1268649,0.5884402216943785,4.61212426414482
Need for Speed™ No Limits,4.2968993,5010070,228001633,0.5743513093578486,6.509934617178744
Dating and Chat - Evermatch,4.2970295,119343,33993201,0.6074026792088355,5.806751212431874
Netflix,4.297361,14129939,2293247329,0.5897909950436433,7.252197639774758
Wedding Invitation Card Maker,4.3,807,223936,0.7002481389578165,4.118371655913698
Global Times,4.3,2916,3600689,0.5597510373443984,4.947286320809873
Waterfall Wallpaper,4.3,2013,2055750,0.5647296614451743,4.766298864512054
All Video Downloader 2022,4.3,12413,6087803,0.6500768546234125,5.21577982904399
Urdu English Keyboard - اردو,4.3004017,15721,8303879,0.6096074314436597,5.297464343025661
Ludo,4.301121,365608,124362478,0.5602212453531091,6.2092279918841635
Hangman,4.3011694,491076,54353359,0.549783472185444,5.968930159755256
Chamet - Live Video Chat&Meet,4.301689,249199,38684562,0.6043312142811276,5.878044022198085
Rooter: Watch Gaming & Esports,4.303738,576447,55827509,0.6510426431681353,6.060485955574952
Likee - Short Video Community,4.3037515,11632880,890757006,0.5932748195665057,6.96924702435878
ZAMA SHOPS Buy & Sell Pakistan,4.3039217,761,73809,0.6536327608982827,3.7716308648308976
World Cricket Championship 2,4.3051143,3233565,86807858,0.5796256986142758,6.213435873157201
TikTok,4.3055673,57773233,2649792243,0.5971924175003593,7.366146947747228
Antistress - relaxation toys,4.3080626,793752,203805756,0.5542485867447622,6.386177249991313
Bubble Shooter Rainbow,4.3089314,523756,113208113,0.576445778990075,6.211260324574231
Air Hockey Challenge,4.3089886,206746,66479119,0.571054121678193,6.009108394233681
Tile Master 3D® -Classic Match,4.3098593,185081,98192519,0.5966268918290294,6.137912346082862
Home Workout Six Pack Abs,4.310127,54253,7872169,0.5350657979734593,5.296458549832962
Uber - Request a ride,4.3104076,12086843,798721116,0.6173675636092385,6.96374823614093
MX Player,4.3106422,12227826,1233641628,0.5813910281264406,7.059802099486374
Tennis Clash: Multiplayer Game,4.312285,1628574,104186135,0.5887862094460038,6.247375785243121
Guess Their Answer,4.3127413,320102,40205205,0.5330769639613445,5.853047779104472
Latest Mehndi Design Offline,4.3137255,173,172029,0.5576470588235294,3.914372708079515
Hill Climb Racing 2,4.314368,4544893,302167412,0.5718827654572,6.593608177476468
Twitter,4.3148203,21127345,1449882871,0.6125063857233944,7.162736892778742
Rescue The Lover,4.3151517,110837,46496950,0.6049837095333075,5.9001625910772475
Extreme Car Driving Simulator,4.315238,4468572,535393729,0.5685727642857734,6.759751819667758
SHAREit Lite - Fast File Share,4.3157897,424110,131537114,0.5981655357517695,6.264874261046427
Super Bob Run,4.3165617,622566,188108354,0.5612968643791348,6.360316255706548
Girls Hairstyle Steps 2023,4.3168316,700,278691,0.6307246376811594,4.152388775011903
Muslima - Muslim Matrimonials,4.3168607,43584,3994444,0.5387518942003031,5.090716345297396
Urdu News,4.3174605,1688,395213,0.5669441141498216,4.274171408270006
Phone Tracker: Phone Locator,4.3194447,21206,5069899,0.6389171854367101,5.187278593732199
Opera Mini: Fast Web Browser,4.3199024,8549021,691750418,0.5894352011250054,6.884097156902293
foodpanda: food & groceries,4.3199396,3063829,118278787,0.5851938889280558,6.312739396684071
Temu: Shop Like a Billionaire,4.32,520972,61935994,0.6058848620717192,6.058309262484335
"Bigo Live–Live Stream, Go Live",4.320367,5493395,582507129,0.6033648188925006,6.826433629354504
Smart Watch app - BT notifier,4.3223686,151304,13585605,0.6111440442480218,5.5570035139834255
Sim Info,4.3238435,9937,378768,0.5996173597824992,4.365475817623386
KineMaster-Video Editor&Maker,4.3244143,5479227,452696036,0.5801146792716405,6.732512708530323
My Talking Tom Friends,4.3246045,3375589,501545523,0.5569980260462355,6.721951894895157
Krave Mart - Grocery Delivery,4.326073,31538,1177109,0.5733603957884055,4.73983784421424
VLC for Android,4.3262153,1794189,342652288,0.5756708220419565,6.598406451351884
Pakistani food Urdu recipes,4.3265305,1607,828609,0.5752808988764045,4.495846241380227
Beat Maker Pro - DJ Drum Pad,4.3265305,275616,48983835,0.5403436905332578,5.914477778126757
FIFA Soccer,4.32784,13496059,434206151,0.5825883023840092,6.76306373252746
Pocket FM: Audio Series,4.3294797,2042191,91895987,0.6161223104302135,6.249661025497618
Play Store Update Info,4.33,3780,556660,0.600694259012016,4.4322571953557865
Onet Puzzle - Tile Match Game,4.33,79579,26413450,0.6223286773233826,5.732979789550871
Idle Lumber Empire,4.330435,699845,58640923,0.5765008142262992,6.036535710758435
Markaz: Resell and Earn Money,4.3305087,15260,1625955,0.5672894133071125,4.79825576750844
Shooting Ball,4.3318386,759237,81500594,0.5651297483030482,6.129066265185513
Indian Bikes Driving 3D,4.3335166,683601,88232902,0.6000585171747908,6.175703510132593
Fingerprint Live Animation,4.334928,28233,3089305,0.5788861298332743,5.024004605740497
ORG 24: Your Music,4.335,679830,183012639,0.6075511002703967,6.3979694440948345
"PGT: GFX, Launcher & Optimizer",4.3376484,174751,12278886,0.6038788267350537,5.533781789221557
App Lock - Applock Fingerprint,4.3382354,69211,7227797,0.6251752302612524,5.34738194857766
Cash Master - Carnival Prizes,4.34,3921,779713,0.5899714211483502,4.530411339018525
Spades Solitaire - Card Games,4.3414636,1845,1326877,0.6439024390243903,4.674771548692523
Teen Patti Flush: 3 Patti Poke,4.3418803,23274,3356111,0.5992503554349231,5.053068535221714
Photo Collage Maker & Editor,4.3430853,79550,8363975,0.5696073252333157,5.362190818309942
GB Latest Version Apk 2023,4.3445377,36342,10534342,0.6503551957706922,5.444477623583777
Harmonium,4.345238,54833,25894495,0.5577503880215466,5.672672882812605
Thief Puzzle: to pass a level,4.347826,240562,155453819,0.5465149762394201,6.261889983150546
Winnit!,4.348432,2925,755509,0.6293735022252652,4.526857286285596
Mehndi Design - Easy Simple,4.35,2036,1966405,0.6133333333333333,4.784684040074706
Game Booster Power GFX Lag Fix,4.35,28299,1372928,0.588328302429208,4.794996733357448
PharmaPlus,4.35,945,174757,0.5588924387646432,4.007715321961438
Tile Triple 3D - Match Master,4.35,39745,9120624,0.5441133887068506,5.342021720887339
Water Sort Puzzle: Color Sort,4.350427,23380,2810401,0.5890107998795232,4.9971366453427315
Car Parking Multiplayer,4.352856,2141643,124433996,0.5843230102091803,6.323318456631708
Cardboard,4.353846,160622,35745002,0.6231280460788657,5.864265962591446
Daraz Online Shopping App,4.354197,2904774,84792669,0.5572445569644656,6.200607338971384
Traffic Racer,4.3545403,6308737,390455011,0.5884185344029541,6.714373353529822
My Home Design - Modern City,4.3570714,567180,61063215,0.5549955560571647,6.031198720222958
Easy Drawing for Kids,4.357143,312,773812,0.5771812080536913,4.402127083129689
Scandit Barcode Scanner Demo,4.357143,1243,476338,0.6107977437550363,4.340053971689108
Cryptomania —Trading Simulator,4.3576436,214505,15754439,0.553236169002527,5.586773936914866
Pastimes - 26 Mini Games,4.3589745,248853,22595699,0.5560565170351482,5.702319442410454
"Duff Qibla Finder, Prayer Time",4.359375,41320,17029849,0.629558559868198,5.584574637756222
Bussid Pakistan Livery,4.36,220,36619,0.641860465116279,3.501726090628361
Cash Master : Coin Pusher Game,4.36,11890,2282253,0.6454399187060715,4.936756766789596
Byte - Online Food Delivery,4.3618617,20250,1025375,0.6455793737034476,4.729522020775654
Google Earth,4.3655157,2928603,496026987,0.5865733204528124,6.753552807793593
Subway Surfers,4.368699,40610349,2190980901,0.5849486551471483,7.310523353312411
SnackVideo,4.3692584,8354742,428445197,0.6147732982617494,6.785383975110891
"GPS Maps, Navigation & Traffic",4.3707123,310143,34567161,0.6841964014992677,5.9377738778267135
Free Fire: 6th Anniversary,4.3718033,115503741,1422102535,0.6344362531604012,7.284932079962285
Full Quran Sharif Offline APP,4.372549,2773,995737,0.6736842105263158,4.631859129285434
Status Saver - Video Saver,4.372737,127294,42743759,0.6276451128764842,5.9152304525145905
Muzz: Muslim Dating & Marriage,4.3735466,104867,6511447,0.5676214458084147,5.308380056940417
oladoc - Book best doctors now,4.375,7212,1052023,0.615820149875104,4.670231079131287
Real Snooker 3D,4.378606,53378,11895751,0.5785923094220823,5.463481033225567
"GPS Live Navigation, Road Maps",4.38,8844,4728314,0.6311871459946827,5.134319472528545
Casino Roulette: Roulettist,4.38,63324,6387734,0.5927961005254162,5.297650854898042
Blood Sugar,4.382353,18183,5630812,0.5838608305274972,5.195399715130034
Offline Music Mp3 Player- Muso,4.382353,8920,4087530,0.670712519667341,5.113785785538934
Find a Doctor - MARHAM,4.382465,8707,1555795,0.6109642569819561,4.794400131973901
Pi Browser,4.384384,141429,17593419,0.5912834334302469,5.635524364716547
Bubble Shooter,4.385965,71525,39381313,0.5706521130702491,5.828472186475918
EasyLoan Personal Loan Online,4.386119,54391,2627451,0.6289591262617905,5.054058162062279
Cash Carnival Coin Pusher Game,4.386667,49960,11177278,0.630916420963957,5.478229799236712
Archery Battle 3D,4.388715,227121,40291185,0.5768945500030831,5.893616934844079
Wedding Dress Up Bridal Makeup,4.390476,43231,6246216,0.5568549321225037,5.252313336941779
8 Ball Clash - Pool Billiard,4.394231,14030,5648764,0.593025582392454,5.192092438722934
iphone wallpaper 4k,4.395161,13061,1786467,0.6174146528576908,4.862612980172716
ARY NEWS,4.3962264,10109,4728433,0.6329605067801644,5.146216965412634
Duolingo: language lessons,4.3967557,15270917,441226882,0.5914459178098268,6.810929886484435
HideU: Calculator Lock,4.3968973,411389,94371386,0.6129897408469879,6.203926670799897
Traffic Rider,4.396942,8383961,533567671,0.5961454485512124,6.844267979486406
Rolling Twins - Dancing Ball,4.3986015,42715,25652456,0.5605837360987284,5.674439789591487
Instagram,4.399142,147187586,4906291283,0.5947616255874765,7.6317920142248425
"Fashion Show: Makeup, Dress Up",4.399192,827083,128763375,0.5929322144567242,6.3137258076922524
Botim - Video and Voice Call,4.399402,1061810,93520137,0.5915151195502608,6.229651196194695
Dating and Chat - Only Spark,4.4,2161,1111718,0.6933333333333334,4.66618961984801
Watch Video Daily Earn Money,4.4,5926,2305928,0.6224627875507441,4.901355784639455
Vanishing Hour - Watch Face,4.4,219,58788,0.5622119815668203,3.6208641457140134
Ludo Smile : Dice Board Game,4.4,541,353860,0.6589118198874296,4.234827405867567
Payback 2 - The Battle Sandbox,4.401493,1826500,212857907,0.5924542496382186,6.499951450161135
Word Search,4.402174,188241,11219070,0.576424626734773,5.5109355229727965
Zaroorat Cash-Safe Loan Money,4.402452,27830,1753157,0.6765813686026452,4.934767552555757
Urdu Calendar 2023 Islamic,4.4039087,6598,2180725,0.6153192780221447,4.8874741488396625
1 2 3 4 Player Games - Offline,4.4059405,14456,11619313,0.5984649734859057,5.413417300450227
Magic Pink Tiles: Piano Game,4.4059405,23720,14598559,0.6096179239255443,5.512138565315727
ARY NEWS URDU,4.4070797,3029,1465701,0.6099900760833609,4.727951685296603
Cricket Mazza 11 Live Line,4.407547,64002,6141030,0.5814895878931899,5.286746761890447
8 Ball Pool,4.409458,25876927,966581927,0.6214412896275271,7.103962701824342
Airplane Game Flight Simulator,4.41,20651,4655578,0.5915157480314961,5.156886525731612
Asphalt 8 - Car Racing Game,4.410025,10918186,397827901,0.5899956475417404,6.768980186781738
Quora: the knowledge platform,4.410158,985791,44220341,0.5765554743933122,5.996040721425559
Pharmapedia Pakistan,4.4111633,24894,1513583,0.5811241914098598,4.828779299856172
Skibydy Toilet Survival Master,4.4132233,12859,3600212,0.5941692789968652,5.059828133289112
Soccer Super Star,4.4133253,2030340,233386136,0.5809747115656485,6.526324116619839
UNO!™,4.413793,1785249,143202036,0.6155565168859173,6.40653472557917
Game Booster Fire GFX- Fix Lag,4.4150944,5585,551638,0.6190220311660398,4.477908324150414
"Zapya - File Transfer, Share",4.418096,1009852,170156183,0.6151465578705537,6.4312634155354935
Contacts,4.4182,1186148,2501489649,0.6109462803471986,7.234290992391372
Parking Jam: Car Parking Games,4.4194283,27844,25091867,0.6174475423972405,5.689354834608358
Pi Video Player - Media Player,4.42,9243,3894165,0.589131142206313,5.065407504628668
CapCut - Video Editor,4.4203305,6800866,690484006,0.607459754290202,6.931514518120232
Jazz World - Freedom Package,4.42254,586466,40154606,0.5976346212870443,5.964728497370243
Cricket Line Guru : Live Line,4.4236455,242692,39613417,0.6312573927307047,5.944189641420248
Pure Sniper: Gun Shooter Games,4.4242425,1154174,27685942,0.5760906507725091,5.869901310268401
Ludo STAR,4.42442,1097204,56289856,0.6125500482596011,6.108203142313211
VN Video Editor Maker VlogNow,4.424536,2087442,142329578,0.5977853089155832,6.40048381374708
Opera browser with AI,4.424688,4407260,358864645,0.5998994356415335,6.711637895300459
Bumble: Dating & Friends app,4.426087,762197,58993490,0.5892636345013421,6.085246106930047
Trust: Crypto & Bitcoin Wallet,4.4276824,1591644,37577375,0.6052697253424579,6.002117137154441
Road Signs & Traffic Rules,4.428571,25,38001,0.75,3.4166839067911132
Manga US!,4.428571,210,81075,0.5714285714285714,3.7204026002799924
What Mobile Prices Pakistan,4.4290395,9466,1652180,0.6112250290666948,4.827835220258917
PakWheels: Buy & Sell Cars,4.429604,30875,4486343,0.6142403628117914,5.185553672553986
"SHAREit: Transfer, Share Files",4.4299803,17829673,2039863001,0.6280649678269197,7.323738522435927
Live Earth Map - World Map 3D,4.43,16397,4597321,0.6266691280536583,5.167975866833649
Deal Master: Trivia Game,4.43,2168,328771,0.6728452270620945,4.303750399637843
Teen Patti Octro 3 Patti Rummy,4.4307694,1600773,84003690,0.6385862378418105,6.270469641405735
Qibla Compass: Qibla Direction,4.4315476,131516,18870753,0.6179807414393721,5.686625218627109
Weather Live°,4.4319644,924520,49922521,0.5955680647980686,6.052593303534625
Tic Tac Toe - 2 Player XO,4.4324327,1303,4612272,0.6170616113744076,5.033557055264031
Word Master - Puzzle game,4.4324327,4350,2691660,0.6632050979466604,4.959841346516964
Coin Dozer - Carnival Prizes,4.437037,1519475,100339238,0.6154312418508213,6.302250902220101
"Discord: Talk, Chat & Hang Out",4.437068,5334870,395573859,0.6095992099452713,6.763874440802152
ToonMe - cartoons from photos,4.4373775,1229273,79409150,0.5957959140502322,6.205587744210163
"Wallpaper Center - Live, 4K HD",4.438095,10079,4295258,0.6850020104543627,5.158180632191232
Snake.io - Fun Snake .io Games,4.441772,925196,203078425,0.6004194775990314,6.4754744549723116
Music Player & MP3:Lark Player,4.442038,3326253,311291378,0.607711841395857,6.6703455514332255
Holy Quran Pak: Quran Sharif,4.4428573,8557,859628,0.6511519120570693,4.655994916951366
Eid Mubarak photo Frame,4.4444447,124,40713,0.6327868852459017,3.508983443704883
ZEDGE™ Wallpapers & Ringtones,4.4453354,13069909,525511379,0.6018962409538038,6.886688251382788
Breaking News: Local & Alerts,4.4467425,424486,30471220,0.6008143337825993,5.878309491205165
Roblox,4.449859,35186098,768398387,0.6192732006248225,7.067324555400652
BULL,4.4528303,8569,4929842,0.6629989465059113,5.181339365821247
Rich Inc. Business & Idle Life,4.453704,119812,9051020,0.6043950348978142,5.461894329894876
Google News - Daily Headlines,4.456371,1799805,3549426387,0.6087137432109687,7.370641932928627
2 Player games : the Challenge,4.458234,448514,135531891,0.6025729898516784,6.328046498773838
Alibaba.com - B2B marketplace,4.458563,2202519,353368723,0.6115576985943119,6.6979483558868695
JazzCash Business,4.458678,9749,1343564,0.6791995895330939,4.815162991112047
Google Photos,4.459313,48177577,8534179960,0.6101535484589816,7.7906195951682715
LinkedIn: Jobs & Business News,4.4595137,2645738,1316044234,0.6199889704867915,7.105510890260242
Google Maps,4.4596224,17100212,13470643230,0.6217574351225035,7.889801405908219
"Beauty Camera - Selfie, Filter",4.46,5655,1675824,0.6442286947141316,4.830478928502289
Bike Game 3D: Racing Game,4.46,9735,16470815,0.5984884563619423,5.510729133659787
Crossword Quest,4.4653463,87306,8616977,0.5862847182404073,5.421727134629276
Pak Sim Data Sim Owner Details,4.465517,62,18733,0.7578947368421053,3.2738089847919407
Kite Flying Sim: Kite Games,4.465517,69,188638,0.7492063492063492,3.9645524772634926
Medium,4.465699,301474,10315023,0.6029460857676647,5.549900307635841
Bingo Holiday: Bingo Games,4.47,231353,7492874,0.6074917434382061,5.447350191091877
Gun Games - FPS Shooting Game,4.470339,5846,4266316,0.6486634681288553,5.113933054597692
Audiomack: Music Downloader,4.4708333,3597372,83249008,0.6039423724968137,6.2921798390003065
Slotomania™ Slots Casino Games,4.4716983,2117696,81304995,0.6116056006831438,6.266415974212138
School Party Craft,4.4730473,818570,93943141,0.6183783915883111,6.26795568475865
Pakistan Petrol Price Today,4.473214,1163,55329,0.6345423143350605,3.7359112877380403
Video Editor & Maker VideoShow,4.474061,5953626,323274336,0.6489111897486668,6.763958538564289
Happy Kids Timer Chores,4.474359,20807,1511490,0.6359930782541819,4.870255803941632
Ninja Arashi,4.4744897,609995,57573039,0.614377065953093,6.105344002801851
Microsoft Teams,4.4767914,6704365,373151988,0.6001048296518158,6.764565271037236
"Binance: BTC, Crypto and NFTS",4.477527,1367856,83804506,0.6247247035015405,6.267559520978111
Anatomy Learning - 3D Anatomy,4.4785275,119805,9936167,0.6039305431432652,5.496681377710122
"Easy Khata, Apka Digital Khata",4.478803,25187,5865662,0.6508617266301328,5.291485829758478
Gboard - the Google Keyboard,4.4799266,13086712,7085331165,0.6153779097267742,7.687890816972681
Teen Patti Go - 3 Patti Online,4.48,1961,1348004,0.6885145482388974,4.7337149908339216
GoZayaan,4.4827585,1595,362377,0.6210389610389611,4.301563525329818
Word Search - Word Puzzle Game,4.4847775,359764,51338410,0.5991532825599573,6.035694902180232
Millionaire - Quiz & Trivia,4.4848485,35658,4429282,0.5939697634028984,5.190895650214102
"Canva: Design, Photo & Video",4.4884596,12718731,310053048,0.6046880436214105,6.750775286417691
U Dictionary Translator,4.4885798,1255359,148754583,0.628179219761206,6.440273442274827
Logo Quiz - World Trivia Game,4.4888887,28710,2126075,0.6305091907880837,4.988714474041599
Free Fire MAX,4.4897423,18137466,346201404,0.6591710464760143,6.860322210152924
Main Time watch face,4.49,11545,1736824,0.6375010906552657,4.883916401843592
Bubble Cloud Wear OS Launcher,4.4905663,9214,1881753,0.6416241450439691,4.897712771978853
All Language Voice Translate,4.4920635,172,469528,0.6880952380952381,4.278512200673495
Lightroom Photo & Video Editor,4.493811,2023857,318066367,0.6234476474625584,6.68740188313926
YouTube Studio,4.4939175,1837053,220901872,0.6327603025776586,6.58322493914178
Toloka: Earn online,4.4940405,301408,17352525,0.6285090426414468,5.733427543051961
Cricbuzz - Live Cricket Scores,4.494866,2027155,177325091,0.614020814258201,6.505951965697658
Simple Mehndi Designs 2023,4.4952383,142,72758,0.6898550724637681,3.7138618541103114
Fishdom,4.498684,6130320,349529422,0.627649266045632,6.777794435735604
Candy Crush Saga,4.498689,36597208,1577384678,0.6139812473879374,7.29897945869774
Fiverr - Freelance Service,4.498844,313346,27028771,0.666540283150141,5.899258229303211
King James Bible Study KJV,4.5,331473,18008088,0.6536155502319798,5.772238400222999
Phone Tracker - Phone Locator,4.5,559,997225,0.7504761904761905,4.600034100188017
Wild Wolf Wallpapers,4.5,56,66026,0.7345454545454545,3.638962238479606
Cricket Scorecard,4.5,727,218460,0.6077994428969359,4.105632383910022
Pop's World - Running game,4.5,53282,20182858,0.6148407499435283,5.678809040851224
Remini - AI Photo Enhancer,4.5016556,2806627,184195454,0.6143656834749245,6.53661328033481
DealCart - Grocery Application,4.507092,2685,411881,0.6763148079074971,4.401981881218846
Savyour: Cashback & Discounts,4.507494,24361,3445751,0.6484910695955656,5.139145891063337
PLAYit-All in One Video Player,4.507561,5272474,398767498,0.6445622691173272,6.830006192793819
Urdu Offline Poetry,4.5090017,6255,979361,0.6115877080665814,4.670741023179078
PhotoShot - Photo Editor,4.5092025,34861,10663731,0.6614085477941176,5.5022182849741545
Duet Cats: Cute Popcat Music,4.51,57910,21228773,0.6456301715878408,5.7231759020358925
Quran with Urdu Translation,4.5121365,108325,8672478,0.656444912202958,5.501596566453215
Teen Patti Gold -3 Patti Rummy,4.513085,1816118,106683092,0.6785457416740589,6.41822257918999
Cooking Cakes Bakery Desserts,4.5140185,962,691670,0.6813233724653148,4.497819860251172
CallApp: Caller ID & Block,4.514117,1265605,236272926,0.6475301793215935,6.6054354562748525
Beauty Camera : You Makeover P,4.5153375,28184,14278793,0.6842550168708933,5.594088690132527
Lucky Cash Pusher Coin Games,4.522293,29665,4753435,0.6587631650013502,5.256355161623905
Urdu Poetry   اردو شاعری,4.522321,3180,1006932,0.6190986448156319,4.648881475097905
Teen Patti Royal - 3 Patti,4.524862,32689,8343958,0.6287534456355284,5.408232427639412
Google Home,4.525707,2087927,472719678,0.6254166994072203,6.820957622759217
Burger Lab,4.528428,3126,193001,0.6497435897435897,4.1792209539241725
Invitation Maker Card Design,4.5287957,122579,21592509,0.624376387619172,5.758480481885947
Pinterest,4.529527,9930018,898584734,0.6292005407500086,7.097157527668388
Languager; Learn Language Fast,4.53,8871,7197980,0.6511214846863258,5.308498801384518
Solitaire Grand Harvest,4.5338645,1378171,48741971,0.6250812634561976,6.129875711119511
Hungerstation,4.5346537,220906,12307551,0.66413834509861,5.658563470549947
SuperVPN Fast VPN Client,4.5363293,3390535,231089517,0.6442331230803081,6.657138129174987
Weather forecast,4.5366592,1078285,74735792,0.6334544314586774,6.251939406013149
Indeed Job Search,4.5394826,4706568,167999709,0.6213802027447672,6.558277666099815
Find the Difference 1000+,4.539954,452356,75531351,0.636750110570544,6.212820416113059
Findmykids: Location Tracker,4.5421686,1086111,44525222,0.6341948137973222,6.102183478108763
Pregnancy + | Tracker App,4.544959,2339244,39583534,0.6182329275355376,6.094261038908743
Microsoft OneDrive,4.5460734,4606783,3426607626,0.628510796070746,7.461672412879068
OctaBroker,4.5462184,3353,365700,0.6649910233393178,4.383423000756716
Music player,4.5480227,1733613,94236617,0.632550052152081,6.349351184185372
Word Riddles - Offline Word Ga,4.548077,139849,28151660,0.6355901136981986,5.859103771155538
flydubai,4.55,5310,1782838,0.7225904184813482,4.912176369012479
Trivia Master - Word Quiz Game,4.55,49302,12178003,0.6403691453305566,5.558166399755018
Urdu Status Daily Update,4.5508165,15455,2092904,0.6325069583791831,4.967980987523957
Bhabhi - Offline,4.550838,13444,2604004,0.6341172968145281,5.025656062969227
Janat Ke Patay,4.5524693,3451,418013,0.6571428571428571,4.421650778475389
My Starwall,4.5526314,86,100613,0.6714285714285714,3.7808645581206743
EID Al Adha 2023 Photo Frames,4.5528455,2357,29032,0.6478654592496765,3.614414433416327
JazzCash - Your Mobile Account,4.5530243,489051,39230277,0.6419924546820844,6.032626182793344
Word Crossword Search,4.5544553,164994,28521229,0.662328713015684,5.895756772601429
Upwork for Freelancers,4.5548205,143254,7983913,0.6401195180184582,5.49412777524561
Dancing Cats - Music Tiles,4.5555553,4837,1054738,0.68,4.728294678325414
SoundCloud: Play Music & Songs,4.557177,6421861,370729365,0.6317787967052775,6.826961106985046
Spades: Classic Card Games,4.5588236,115924,7637875,0.6440617536086399,5.4736637458905975
Video Editor & Maker - InShot,4.559084,18208645,599235244,0.6482802556235989,7.043558821728347
Music Player-Echo Audio Player,4.56,46823,9276191,0.6722610321776326,5.501029186729527
SadaPay: Goodbye bank fees,4.5600085,47670,1980453,0.665072171869755,5.041703677136211
Pak Rail Live - Tracking app o,4.5606303,25453,5563600,0.6505717316986915,5.299694959175763
Daraz Seller Center,4.5615616,15545,2339916,0.6424710424710425,5.010585554533678
AliExpress,4.564476,14075967,619325013,0.6564730173099317,7.051132434343088
"Wego - Flights, Hotels, Travel",4.565,159429,24691714,0.6585971984152398,5.851768488420186
Fancy Color - Paint By Number,4.5652175,11683,3634723,0.7305196472904718,5.181424989731804
Steering Wheel Evolution,4.5657897,61852,16986421,0.6649040097205347,5.692438123424867
Music Player - Audio Player,4.57,80494,10956544,0.6753048171097341,5.58726931421851
Kids Games: For Toddlers 3-5,4.57,15380,21073893,0.6304211352341094,5.655369245088908
B316 Selfie - Makeover Camera,4.5728154,1514,759971,0.6948207171314741,4.572242819272062
Weather App - Weather Forecast,4.5752687,41878,4645051,0.6790953691516094,5.299986678370948
Iron Hero Superhero: Iron Game,4.5757575,121,121647,0.7166666666666667,3.876695611744265
Eyecon Caller ID & Spam Block,4.5776567,743532,71255779,0.6543559368081839,6.252630647792412
Booking.com: Hotels and more,4.5786686,3762496,576545974,0.6479826884018672,6.955332766105645
"Muslim Muna: Azan Alarm, Quran",4.579397,841025,65314876,0.6575886619282,6.237481664556305
Quran Sharif 16Line:Holy Quran,4.58,1224,105128,0.6726973684210527,3.9663684697349106
Shazam: Music Discovery,4.5816574,8865731,674192267,0.653286443150579,7.055426652556963
UBL Digital,4.581822,313787,4633535,0.6608596441467138,5.405653927783413
Block Blast Adventure Master,4.583851,76816,55765060,0.6569652097970463,6.05693725132031
Launcher iOS 16,4.5869784,325813,12062629,0.6439944858754287,5.676139553553957
Pluto: Buzz News & Rewards,4.587156,39532,9506088,0.6816750969265926,5.513711982195829
Beat Slash: Blade Song,4.59,48631,14918033,0.6656413436692507,5.648315932048889
Amazon Seller,4.591398,150154,21805025,0.6534597775452673,5.816383028974034
Sexy Video Call & Sexy Live,4.5916667,49100,773181,0.7207403464231604,4.819283753203795
Applock Pro - App Lock & Guard,4.5946217,861118,73456837,0.6436870302858556,6.266323124668479
Modern House design Draw House,4.597826,528,279932,0.7536121673003803,4.24074756304182
Collage Maker | Photo Editor,4.598283,2770011,153401484,0.6665039086475488,6.573779386991513
easypaisa - Payments Made Easy,4.6030645,1415240,51815892,0.6615962284735549,6.211932002419838
Zameen - Real Estate Portal,4.6053934,45529,2850360,0.6741702361339923,5.1669336577612945
Brain Test: Tricky Puzzles,4.6058807,6552573,217148278,0.6602239227381087,6.721960021133628
Shadow Fight 4: Arena,4.606609,1237799,37871894,0.6726706383226285,6.124057651356392
House Designer : Fix & Flip,4.607527,941523,122120123,0.6625916044282513,6.444787041231158
Gardenscapes,4.609489,12064655,469010248,0.6589048038151615,6.984156783706055
Daewoo Express Mobile,4.6132154,125450,1946236,0.6546124166958962,5.102985344642762
Alfred Home Security Camera,4.614286,636086,43902398,0.6572498379555337,6.117363573966717
Wordscapes,4.617886,1217634,88183970,0.6695161371143361,6.3741400019626075
Braindom: Brain Games Test,4.6187177,814265,39316768,0.6734666845243726,6.116225561628949
Braindom 2: Brain Teaser Games,4.6192055,1708638,72515193,0.667688548781837,6.334710615304355
Bead 12 | Bara Tehni | 12 Guti,4.62,357,99051,0.686685552407932,3.883259193643524
Brain Test 4: Tricky Friends,4.62,41177,6167784,0.6852511675026562,5.401288850451412
WEBTOON,4.620968,3152013,117385449,0.6504353544085744,6.494961959137007
Fitness Coach: Weight Loss,4.6213593,121443,5197308,0.704047025411555,5.432848475029826
Spider Solitaire - Card Games,4.6237626,50031,10091527,0.6751288244766506,5.552111539962147
Sofascore - Sports live scores,4.6243095,826147,50169125,0.6985133627794485,6.215337100540768
Hypic - Photo Editor & AI Art,4.63,5003,3077738,0.7011244979919679,5.078551324952932
"Qibla Direction, Prayer Times",4.6306305,25143,6897433,0.7043596078743923,5.4211831239593264
"eid poetry funny, sadعید شاعری",4.631579,24,16566,0.6909090909090908,3.1744647981521257
Formula Car Racing: Car Games,4.631929,138230,78814427,0.6876302384811299,6.234681521222417
Airbnb,4.634021,1462334,146523076,0.6639186797292517,6.535948448809393
Galaxy Attack: Shooting Game,4.6379757,2423143,221780300,0.6682603640751956,6.693970488438017
Solitaire,4.639535,551588,61504328,0.6740321901192603,6.23417005375497
Weather: Live radar & widgets,4.639576,269577,14035335,0.6865337935641911,5.766313060774249
CREX - Cricket Exchange,4.639987,426406,53596999,0.6842961715541525,6.18787569726966
Al Quran Offline القرآن الكريم,4.64,798,298178,0.738343949044586,4.289551220005477
GPS Navigation - Route Planner,4.64,94820,20000954,0.6766279057441779,5.799340838204057
"Find My Phone By Clap, Whistle",4.642105,4394,435919,0.6748858447488585,4.4804910301389285
DevBytes: Tech News & Code Bot,4.642857,1154,139671,0.7146574154379879,4.080135535314356
Spelling Quiz - Word Trivia,4.643564,37453,5956930,0.6763357550735906,5.385915248488245
Music Tiles - Magic Tiles,4.64375,113126,22193654,0.6751365273807101,5.840764617032483
Voice Recorder Pro,4.65082,785966,85139482,0.6730090123112678,6.354764568780109
Broadway Pizza Official,4.6556168,5443,189766,0.6696339893323523,4.2504861123724815
"Sad Wallpapers HD Alone, Broke",4.6578946,484,733139,0.7131914893617022,4.514637473798276
Solitaire: Classic Card Games,4.66,234174,21778372,0.7011685220464039,5.907948062606895
1945 Air Force: Airplane games,4.6607056,3367734,199929319,0.6787277687966732,6.703622159507017
Al QURAN - القرأن الكريم,4.663197,388044,25869495,0.6833957849054464,5.97498622775765
Color Water Sort Woody Puzzle,4.6633663,34731,8626935,0.6707546625093828,5.49264683450596
Skyscanner Flights Hotels Cars,4.66436,979525,65701914,0.6757923573736299,6.299421510049364
Live Cricket TV 2023,4.6666665,84,8701,0.69,3.076680347597281
"Islam360: Quran, Hadith, Qibla",4.667362,253846,12993189,0.7122640728965998,5.77339679340542
Flo Period & Pregnancy Tracker,4.6677294,3087743,110074011,0.6747054457907199,6.520810757288896
Live Weather & Weather Radar,4.670251,260239,11577386,0.6820624713791498,5.714786556373033
Holy Quran (16 Lines per page),4.6726775,60448,5130029,0.6946811150632807,5.395182248098997
Eid Mubarak Name DP Maker,4.677419,44,36872,0.7047619047619048,3.462949097347441
Coach Bus Games: Bus Simulator,4.6820807,14087,18696675,0.6940892298948564,5.688723092416307
Live Video chat,4.6875,342,103527,0.7281437125748503,3.922960891469796
inDrive. Rides and Delivery,4.68936,5685145,174366883,0.7004527093167144,6.7322456241825455
Grand City Thug Crime Games,4.6895943,102129,30968832,0.7133749228765339,5.981146367790993
Beauty Tips : Homemade Skin an,4.6923075,159,86307,0.6921052631578948,3.802268720429626
Peer e Kamil by Umera Ahmed,4.6996465,3076,313199,0.7168239505369346,4.398964462814615
Weather Forecast - Live Radar,4.7009344,34449,3520421,0.7323250866917271,5.28639550797685
PTI Updates,4.701923,520,82219,0.7465116279069768,3.8960697813648517
Easy Quran Mp3 Audio Offline,4.7082067,69010,9118230,0.7080325184401582,5.5962382683976735
Blossom - Plant Identifier,4.708738,128391,5486960,0.6888982613993158,5.470485279669697
Flightradar24 Flight Tracker,4.709677,519506,66250236,0.6997265970965382,6.304747591728395
Savour Foods,4.713217,4008,113016,0.7080689482887834,4.11686192090373
Call History Any Number Detail,4.714286,105,100319,0.7730769230769231,3.84965660257745
Magic Board - Doodle & Color,4.714286,5389,2734372,0.7089491273672485,5.075247939101224
Pizza Max,4.7155757,4457,222988,0.6960467205750225,4.31599347097782
Holy Quran - Pakistan Edition,4.7156863,575,157559,0.7149384885764499,4.082907200541646
Weather Live - Widgets & Radar,4.716216,129318,4838893,0.6892747701736466,5.436938068457486
Urdu Designer Photo Post Maker,4.7175713,25669,1811588,0.704902190008573,5.055416833541394
"WeMuslim: Athan, Qibla&Quran",4.72,6017,2979998,0.7290354822588706,5.1226148905188
CamScanner-Scanner app to scan,4.721877,4448825,373973493,0.7001766800338075,6.957613247624252
Word Connect,4.722826,1227884,64402436,0.69409522071642,6.350330509696047
Status Saver - Download Status,4.7239265,109089,23636167,0.6973325995230233,5.903765000636299
Holy Quran Read(القرآن الكريم),4.72549,1201,318831,0.7322715842414083,4.353511977970023
Diary with Lock: Daily Journal,4.728889,184819,6767101,0.7136498307379824,5.585319119788319
Lose Weight App for Women,4.73064,868676,99583829,0.7060984781734857,6.472967015589928
Quran Majeed – القران الكريم,4.737624,679591,19949002,0.702696991635912,5.981865093340546
Mahir Company - Home & beauty,4.737864,3179,336704,0.7284409448818898,4.439167889531362
Lose Weight at Home in 30 Days,4.7402596,867577,102505007,0.7121186819878126,6.491697639602528
Weather Forecast: Live Weather,4.7423553,130052,11541585,0.7150040376850606,5.725527316749013
Splits Training in 30 Days,4.748299,294467,45087247,0.7052190874922689,6.175039252918643
My IDC,4.75,407,149332,0.708457711442786,4.046315193787782
US Coach Driver: Bus Simulator,4.75,32,51853,0.7724137931034483,3.5676447131970153
Draw Puzzle: Tricky Brain Test,4.7517242,52951,9274265,0.710056172337488,5.6002634703225596
Sexy Girls Live Video Call,4.7524753,475,148739,0.7606837606837606,4.081020536637974
Police Prado Parking Car Games,4.760099,35994,22629493,0.7312176957705775,5.858566516724209
Habit Tracker - Habit Diary,4.77,63028,3832348,0.7170925209179823,5.363413754233273
Weather - Live & Forecast,4.7736626,77985,4917657,0.7171007055805003,5.45265309724121
Running App - GPS Run Tracker,4.77439,268366,17533433,0.7173333333333334,5.911575892861576
Pregnancy Tracker,4.7832513,61117,1739795,0.7212101368607164,5.137286819059395
Yango: affordable taxi rides,4.8027134,532488,17389152,0.751478156342737,6.00211719872514
Lose Weight App for Men,4.809328,1721774,93017646,0.7276698572319803,6.555534675037829
Local Weather Forecast& Widget,4.811881,23173,1762003,0.7628152899367253,5.1152709110732175
Cheezious,4.8129396,21879,493022,0.7294870622657036,4.711454467587135
Six Pack in 30 Days,4.8217654,2085271,168951361,0.7403612987263374,6.765345324206434
Word Heaps -Connect Stack Word,4.83,77537,7767712,0.7485552437376572,5.6349221078054885
Home Workout - No Equipment,4.8590546,2750580,207588493,0.7480085869868752,6.872347328042226
AirDroid Parental Control,4.86,13307,1798625,0.7637112772775829,5.09615157609901
Words of Wonders: Crossword,4.8632655,3218043,223358263,0.745785835486873,6.904483533069413
Word Search Explorer,4.872093,67475,2727185,0.7488672653942456,5.332094750329023
Hammer Climber Man: Pot Man 3D,4.881188,2863,1094087,0.7749036102348406,4.845733012928368
Ferrum Watch Face,4.9,428,110811,0.760655737704918,4.015843850887668
Live Weather: Weather Forecast,4.906542,8776,524611,0.7666933181039406,4.718172282296302
NIV Bible Offline - Holy Bible,4.910891,105534,7460944,0.7884961791704714,5.714027338022254
Animal Farm Sim Farming Games,4.925234,331,95282,0.7951070336391436,3.972252598407877
Voice GPS & Driving Directions,4.943609,11870,3313131,0.7874472751813733,5.312736052395448
Cricket Live Score - CricChamp,4.95,850,181059,0.7886390532544378,4.242404574916134
Mommy Baby Care Nursery,4.9504952,1850,2514521,0.790185387131952,5.085964300033446
Rung king live Hokm CourtPiece,4.9555554,770,250603,0.7890625,4.331619042676775
GTA Craft Theft Mod for MPCE,5.0,935,169861,0.8,4.2499999590471
CherryCam Lite video call app,5.0,54,72928,0.8,3.752458506677964
Metrix Watch Face,5.0,607,72690,0.8,3.9628422301646573
Temple of Horus,5.0,26,21990,0.8,3.3311261255650546
